steps,return
0,1897.4655000000046
1,1902.6275999999932
2,2105.9570000000035
3,2236.867399999999
4,2265.243899999998
