steps,return
0,1043.1265999999996
1,650.8729999999998
