steps,return
0,-311.09860000000015
1,-253.07119999999998
2,226.03609999999992
3,171.71539999999985
4,200.57390000000004
5,183.16180000000003
6,-221.2285999999999
7,201.8302999999998
8,-252.6306
9,-225.38239999999996
10,388.3256
11,393.52719999999994
12,-497.1986999999999
13,-80.28699999999996
14,-256.01380000000006
15,-9.406699999999969
16,-137.53979999999984
17,601.4777000000001
18,-183.99359999999984
19,1246.0763
20,-543.7753000000002
21,241.48940000000005
